,Feature,batch_gpt_prediction
0,drink_mixed_mimesis,drink
1,MnTvnRO2qGFq56,date
2,city_en_mimesis,city
3,credit_card_provider_de_DE_faker,credit_card_provider
4,48i2GDrmZhvkUDPqTlaV,political_views
5,Q3IDA,resolution
6,integer_number_mixed_mimesis,integer_number
7,y2EgpyKwKsS,dish
8,q0aVnLecBwSeId75e,gender
9,66lA41,iban
10,credit_card_provider_fr_FR_faker,credit_card_provider
11,fzQgliEu7paqypC,phone_number
12,0KeiuPeCDRHwi41XJO,company
13,X9iBG63d1h,phone_model
14,system_quality_attribute_fr_mimesis,system_quality_attribute
15,9vtLUKaqPxSpd,religion/worldview
16,worldview_de_mimesis,religion/worldview
17,dPI1af7W,
18,credit_card_number_de_DE_faker,credit_card_number
19,iban_fr_FR_faker,iban
20,cpu_en_mimesis,cpu
21,vbF2ulFnwZqvr4MS4,integer_number
22,ZD6dJA9AJ,answer
23,blood_group_fr_FR_faker,blood_group
24,occupation_fr_mimesis,job
25,credit_card_number_fr_mimesis,credit_card_number
26,CuAjA,color
27,full_name_de_mimesis,full_name
28,political_views_en_mimesis,political_views
29,ku2HChRnT,blood_group
30,last_name_mixed_mimesis,last_name
31,name_mixed_faker,full_name
32,fOB1rc,national_identification_number
33,gRXia9J7kAP744EEPmW9,graphics
34,usPd6XfPKoIVU2,manufacturer
35,phone_number_de_DE_faker,phone_number
36,last_name_en_faker,last_name
37,company_fr_mimesis,company
38,credit_card_provider_mixed_faker,credit_card_provider
39,"Date,NIN_dessi","date, national_identification_number"
40,word_mixed_mimesis,word
41,sfWkrC5G,duration
42,date_fr_FR_faker,date
43,fo9R1,float_number
44,name_de_DE_faker,"full_name, academic_degree/title"
45,Og5OPctYC,nationality
46,VCJTBJahe8,longitude_and_latitude
47,fPBi3,programming_language
48,f5GCZdDiGADKdJDRZtUb,
49,ypqnvPf7C,
50,measure_unit_fr_mimesis,measure_unit
51,resolution_mixed_mimesis,resolution
52,email_de_DE_faker,email
53,duration_fr_mimesis,duration
54,DhrCpjgds8y3,user_agent
55,full_name_mixed_mimesis,full_name
56,gfygw2wMqZcUDIh,academic_degree/title
57,dish_de_mimesis,dish
58,address_fr_FR_faker,full_address
59,Passport_dessi,passport_number
60,GPlcpTC,currency
61,date_de_DE_faker,date
62,wvJWIyD7u3mSpKyo2XAc,blood_group
63,0RpcK8Shm,religion/worldview
64,oDOqDqQa5,url
65,sex_de_DE_faker,gender
66,C1ITtNZPHa,cpu
67,OnqQfkplJek,full_name
68,5sRIkeC8wLtO9BSqD2t,manufacturer
69,NIN_dessi,national_identification_number
70,J8UMHBhXs,last_name
71,company_en_mimesis,company
72,swift_en_faker,SWIFT/BIC code
73,current_location_mixed_faker,longitude_and_latitude
74,nationality_mixed_mimesis,nationality
75,7Qg84iqh4gVJjr,graphics
76,color_fr_mimesis,color
77,blood_group_de_DE_faker,blood_group
78,blood_type_de_mimesis,blood_group
79,GPE_dessi,gpe
80,d9Gf2leMeR,credit_card_number
81,blrSWt6vwal3j,dish
82,isbn13_en_faker,isbn
83,Phone_number_dessi,phone_number
84,SWIFT/BIC_dessi,SWIFT/BIC code
85,jxWkI9X7H6a,date
86,phone_model_en_mimesis,phone_model
87,ZB2JX0NNRPJb,job
88,pyint_de_DE_faker,integer_number
89,fJs1ON43xKmTecQoX,political_views
90,xQ8VS8IALVUj4APg1FN,gender
91,pyint_mixed_faker,integer_number
92,9k0mZMi3qdPE3xJ7gT,measure_unit
93,passport_number_mixed_faker,passport_number
94,5wnRpQ,credit_card_number
95,jbcpEN2XeDA,email
96,5XL8Sb24WKyEa8wtW,float_number
97,pyint_fr_FR_faker,integer_number
98,R1Iv8bh4qlL9qcgMB,isbn
99,MM9VThX0k9,company
100,HnJuQEHyu,SWIFT/BIC code
101,email_fr_FR_faker,email
102,resolution_en_mimesis,resolution
103,LS1OpgS,full_address
104,QrS7RPeMOkI,float_number
105,4XNiMyjkl1SXNZ5,user_agent
106,iQE8JkqH3,gender
107,swift_fr_FR_faker,SWIFT/BIC code
108,2RMZhYKYcwIBQx,last_name
109,address_de_DE_faker,full_address
110,77p3kZZl4,phone_number
111,P32fNMG,float_number
112,address_de_mimesis,full_address
113,NEm9prJto8tXs,duration
114,OT4WF3IcNepOR6s,national_identification_number
115,En36vt96an7,email
116,duration_mixed_mimesis,duration
117,ez3VcBbD6e3uKBKz,system_quality_attribute
118,WVYCoIpt9ZYE51,city
119,measure_unit_mixed_mimesis,measure_unit
120,fR9Q3IiP3whlIzHiU,credit_card_number
121,ZiJdL9JJvQhAw3Q8,job
122,7bAdzGxpyfxobu7g,phone_number
123,Yjics61ES1iWTEC,isbn
124,JaH8mfpUAFJWp,date
125,resolution_fr_mimesis,resolution
126,g1msoxltaTIirc,currency
127,Ym4cu7,full_name
128,aDNKgeI,blood_group
129,R74KPONu3OujCeECOtY,"id_card, national_identification_number, email"
130,LdwGetDCcdx1s,first_name
131,job_mixed_faker,job
132,currency_de_DE_faker,currency
133,url_de_DE_faker,url
134,Nationality_dessi,nationality
135,city_de_mimesis,city
136,ShO68sxNoo9iEj,programming_language
137,PTFCYbfsozSptQLxEJHw,academic_degree/title
138,address_en_faker,full_address
139,36Ud9sMtwgKGnjQEo2,"email, national_identification_number, phone_number, passport_number"
140,4catKMg7vsDPIH,full_address
141,user_agent_mixed_mimesis,user_agent
142,2v2R2Iy,full_name
143,integer_number_en_mimesis,integer_number
144,measure_unit_en_mimesis,measure_unit
145,user_agent_en_mimesis,user_agent
146,o0cZuz,email
147,last_name_mixed_faker,last_name
148,currency_fr_FR_faker,currency
149,G9Lv3g32C,color
150,dYvpi,drink
151,5fbqn,blood_group
152,fYzaqIhDxRVRqLy0,longitude_and_latitude
153,first_name_mixed_faker,first_name
154,Religion_dessi,religion/worldview
155,float_number_fr_mimesis,float_number
156,Wd3hjOk,color
157,color_de_DE_faker,
158,"Email,Phone_number_dessi","email, phone_number"
159,Gz0IEqcWPmsw3X,credit_card_provider
160,sex_fr_FR_faker,gender
161,ChDStSz8rGIFCf,phone_model
162,xYvJ8xWjmMGzGccci,"full_name, academic_degree/title"
163,last_name_fr_mimesis,last_name
164,title_mixed_mimesis,academic_degree/title
165,xR8KCDXsXyG,graphics
166,phone_number_fr_FR_faker,phone_number
167,GWlG6g3Ot1OGM,measure_unit
168,DCCRnGEY59YVkQf,phone_number
169,first_name_fr_mimesis,first_name
170,color_mixed_mimesis,color
171,g3aKsEECvl9dq83Eh0ez,integer_number
172,kAFEn3z5dkya,currency
173,url_mixed_faker,url
174,color_en_faker,
175,kDyr7OSJoRu1,credit_card_number
176,full_name_en_mimesis,full_name
177,float_number_mixed_mimesis,float_number
178,ssn_de_DE_faker,national_identification_number
179,credit_card_number_en_faker,credit_card_number
180,q608E9ZsV3,system_quality_attribute
181,l8nv8XFmoijes2,date
182,float_number_en_mimesis,float_number
183,pyint_en_faker,integer_number
184,current_location_en_faker,longitude_and_latitude
185,ssn_mixed_faker,national_identification_number
186,jqipVJIqVLB5LzxoiGF,integer_number
187,blood_type_mixed_mimesis,blood_group
188,LvG1GIFTKtE0bx,measure_unit
189,csAlXiXPUP9Ax5yC366y,company
190,JmTPS,company
191,email_en_mimesis,email
192,aeTOdoe5c3ve,last_name
193,X8KMf4djkWNdRfr,phone_number
194,title_fr_mimesis,academic_degree/title
195,credit_card_number_mixed_faker,credit_card_number
196,first_name_fr_FR_faker,first_name
197,graphics_de_mimesis,graphics
198,nationality_fr_mimesis,nationality
199,LBcbfno,credit_card_number
200,gender_mixed_mimesis,gender
201,currency_mixed_faker,currency
202,language_en_mimesis,language
203,color_fr_FR_faker,
204,pDwjrm74UWhc,"date, national_identification_number, passport_number"
205,company_mixed_faker,company
206,graphics_fr_mimesis,graphics
207,x9jR7Eef1ffBg,phone_number
208,XPvhsBkDa9U4U,EAN_code
209,full_name_fr_mimesis,full_name
210,mHxNWF,last_name
211,academic_degree_de_mimesis,academic_degree/title
212,oCLrZ3aWZkSBvrjn9W,credit_card_provider
213,XHyC6Ct3LBtK,integer_number
214,email_fr_mimesis,email
215,job_en_faker,job
216,fUF0eWI,
217,GPva2A0,religion/worldview
218,credit_card_number_de_mimesis,credit_card_number
219,company_fr_FR_faker,company
220,xGZVRk8bj2MRYCcie,
221,swift_de_DE_faker,SWIFT/BIC code
222,cpu_de_mimesis,cpu
223,WWlEHP,first_name
224,JsS8iO,blood_group
225,address_fr_mimesis,full_address
226,H6DaUjA3,academic_degree/title
227,color_en_mimesis,color
228,phone_model_mixed_mimesis,phone_model
229,bxJKxDZJiN4fetzTUEHA,manufacturer
230,worldview_fr_mimesis,religion/worldview
231,dish_fr_mimesis,dish
232,DP9bdE2zBRgFT6,email
233,nNsS6Fmhi2eCl5TCfZR,nationality
234,VMxASJ6EWIZQ0nWpRWM,cpu
235,EbVId8w,integer_number
236,dish_mixed_mimesis,dish
237,7qnQTupqziQPtDu,float_number
238,Y5Mar2jiI,first_name
239,VET6ZyyQY0PjF9c,national_identification_number
240,credit_card_number_mixed_mimesis,credit_card_number
241,passport_number_fr_FR_faker,passport_number
242,l8XOFDW,race
243,2fqmO9JriOtNIf,language
244,phone_number_en_mimesis,phone_number
245,kYtMV0,longitude_and_latitude
246,vXiOq,full_address
247,SsJimAQ8yRV5lNKtz,job
248,CGo8NcUY,
249,NjpiE,color
250,phone_number_mixed_faker,phone_number
251,address_mixed_faker,full_address
252,answer_de_mimesis,answer
253,job_fr_FR_faker,job
254,LxUif6,system_quality_attribute
255,ean_mixed_faker,EAN_code
256,kSCwCcU36wNBrOY8de,programming_language
257,dzrm9h820DfQnPOM,full_address
258,UYuBMGhy5KmqcTBa,manufacturer
259,passport_number_en_faker,passport_number
260,graphics_en_mimesis,graphics
261,iMT8ftJyPYv0iQS18,phone_number
262,1aWbtDRUIBIy,email
263,TSyFzpjPSa5,last_name
264,system_quality_attribute_en_mimesis,system_quality_attribute
265,Sexuality_dessi,sexuality
266,uQstCMT,full_name
267,worldview_mixed_mimesis,religion/worldview
268,iban_mixed_faker,iban
269,version_mixed_mimesis,version
270,pyfloat_mixed_faker,float_number
271,EpZZRztDeSdkCA,full_name
272,"Phone_number,NIN_dessi","phone_number, national_identification_number"
273,ssn_fr_FR_faker,national_identification_number
274,ldqyunDuvW4yrW81Aq1,job
275,155sXZoMZwoOmNqRWUXQ,EAN_code
276,shzb9ukZ8ND1S6xfB2,
277,q7YYDsBS9UYJQTFjm,isbn
278,tsnBY,company
279,job_de_DE_faker,job
280,e5fuMjeirNOLJTuyMHs,iban
281,last_name_fr_FR_faker,last_name
282,iban_de_DE_faker,iban
283,Gender_dessi,gender
284,company_mixed_mimesis,company
285,Email_dessi,email
286,gender_de_mimesis,gender
287,user_agent_fr_mimesis,user_agent
288,pyfloat_en_faker,float_number
289,xCWeKiHxzuPrp9hb,iban
290,blood_type_en_mimesis,blood_group
291,FM41PREsIa2gBi,
292,K8nDSqXx,blood_group
293,GXI1V4Hc,
294,pBLzHfz3,
295,dJp62hDiZDQHJMu8W5C,company
296,manufacturer_de_mimesis,manufacturer
297,word_en_mimesis,word
298,PeX9PcWb8pm1,integer_number
299,VfBgWOT3gCkS,national_identification_number
300,Organization_dessi,company
301,y3c2Eom0,word
302,nationality_de_mimesis,nationality
303,GMBgYSh2PP4XJU3nBC4,job
304,B4zVC59yvlFSFx7Z,full_name
305,company_de_DE_faker,company
306,N9Vg8W,
307,first_name_en_faker,first_name
308,manufacturer_en_mimesis,manufacturer
309,isbn13_fr_FR_faker,isbn
310,occupation_de_mimesis,job
311,programming_language_mixed_mimesis,programming_language
312,drink_en_mimesis,drink
313,eyGCWJr0NRNhig,nationality
314,version_en_mimesis,version
315,16JC5kV3ECqWp1OrXX,url
316,"Phone_number,Email_dessi",phone_number
317,0asUt1LLQF3jC,first_name
318,shKRIy5z0w9XZ,resolution
319,ym6MGV4i3,blood_group
320,eAAvIDAdn1A,color
321,scs9Tfw7C,credit_card_number
322,VvovXkeGOhHGm5,duration
323,QHoAtrdJ8,city
324,L8LjkQNU5M,float_number
325,pdQ5HoOodgAv,religion/worldview
326,programming_language_de_mimesis,programming_language
327,first_name_mixed_mimesis,first_name
328,blood_group_en_faker,blood_group
329,language_de_mimesis,language
330,word_de_mimesis,word
331,DnvMju3TuU3wziWxGJgu,language
332,phone_number_en_faker,phone_number
333,eKORdjjZK8tfphJWAMMY,credit_card_number
334,phone_number_de_mimesis,phone_number
335,Hxe9HIG,user_agent
336,blood_group_mixed_faker,blood_group
337,cpu_fr_mimesis,cpu
338,gLb7tKR69yz8Tm,gender
339,UxWzxczdKJmxJ,job
340,eEYqvNSzP,last_name
341,HCHTxe6,isbn
342,date_en_faker,date
343,date_mixed_faker,date
344,uhaFVBliyIToGJ,drink
345,programming_language_en_mimesis,programming_language
346,4BVuMq,color
347,first_name_de_DE_faker,first_name
348,last_name_de_mimesis,last_name
349,GQONvf08WpRtoZ,SWIFT/BIC code
350,language_fr_mimesis,language
351,answer_fr_mimesis,answer
352,blood_type_fr_mimesis,blood_group
353,ORBJFdw8PQ,dish
354,MIbOGKpTjsBaNwpKAlQQ,full_address
355,vfLQj6wt9,isbn
356,OprCeTsprvu5IfijoySj,academic_degree/title
357,version_de_mimesis,version
358,blqdiVAHhVeECXx,email
359,political_views_de_mimesis,political_views
360,first_name_en_mimesis,first_name
361,U5tGtQAu,phone_model
362,company_de_mimesis,company
363,1Bf86o0C4,full_address
364,2591AIVVIZM5oForB,job
365,NX744bpnegMcCMRT3d,user_agent
366,last_name_de_DE_faker,last_name
367,VJvwSDrtqohUmuhVI8,credit_card_number
368,zh84KpLMcNfA,
369,ZlhQ3biawYYpL,phone_number
370,Ic1xLJjBi,gender
371,gender_fr_mimesis,gender
372,word_fr_mimesis,word
373,language_mixed_mimesis,language
374,gB9xO51DTjBlUH9PrNZ6,word
375,swift_mixed_faker,SWIFT/BIC code
376,Fbh7x41Ztpdp4K8,currency
377,ean_fr_FR_faker,EAN_code
378,cpu_mixed_mimesis,cpu
379,integer_number_de_mimesis,integer_number
380,last_name_en_mimesis,last_name
381,name_en_faker,full_name
382,rXY2Av7,float_number
383,blV7vY7AZQ3VZprkYS,float_number
384,3UdRPPgdzUvZ3gpmmIC,email
385,measure_unit_de_mimesis,measure_unit
386,phone_model_de_mimesis,phone_model
387,PQBGxbx,answer
388,17Kc03bfc8PXKqP,company
389,credit_card_number_en_mimesis,credit_card_number
390,AGXN6E32VUd,longitude_and_latitude
391,9n7IWUSmTtzQPxC5HC,longitude_and_latitude
392,YsKRWmlN2O5z0BG,duration
393,isbn_en_mimesis,isbn
394,url_fr_FR_faker,url
395,name_fr_FR_faker,full_name
396,phone_number_fr_mimesis,phone_number
397,answer_en_mimesis,answer
398,3PvrhZ,answer
399,nationality_en_mimesis,nationality
400,D6IvIwRX3U,first_name
401,company_en_faker,company
402,system_quality_attribute_mixed_mimesis,system_quality_attribute
403,d1J5GmKI,resolution
404,isbn13_mixed_faker,isbn
405,"NIN,Date_dessi","national_identification_number, date"
406,manufacturer_fr_mimesis,manufacturer
407,WdnrJi7sC4SFhbOMZpT,isbn
408,VEnm0Ir7JSrig,version
409,mnVErULWHM,cpu
410,phone_number_mixed_mimesis,phone_number
411,occupation_en_mimesis,job
412,tJaJAfo16h,academic_degree/title
413,n9dLVIdVuddLEG,language
414,"NIN,Phone_number_dessi","national_identification_number, phone_number"
415,rQFnIiU74KKE,full_address
416,Date_dessi,date
417,QwTeJIs5t2kTT7S,dish
418,gRoEbN48Ju6NoPeO,company
419,wU90P0jpgjqmlMjW,email
420,city_mixed_mimesis,city
421,isbn_mixed_mimesis,isbn
422,MeyyMDHqJ38aRUhR4I,academic_degree/title
423,iban_en_faker,iban
424,academic_degree_fr_mimesis,academic_degree/title
425,system_quality_attribute_de_mimesis,system_quality_attribute
426,city_fr_mimesis,city
427,email_en_faker,email
428,email_de_mimesis,email
429,integer_number_fr_mimesis,integer_number
430,ZieTX8Dcsm,date
431,gender_en_mimesis,gender
432,occupation_mixed_mimesis,job
433,CCN_dessi,credit_card_number
434,byvQRZzUk1D6iNIb6zLK,color
435,color_mixed_faker,
436,VczCoInW3Xdi,nationality
437,academic_degree_en_mimesis,academic_degree/title
438,email_mixed_faker,email
439,drink_de_mimesis,drink
440,ean_en_faker,EAN_code
441,"Email,NIN_dessi","email, national_identification_number"
442,pyfloat_de_DE_faker,float_number
443,worldview_en_mimesis,religion/worldview
444,Geolocation_dessi,longitude_and_latitude
445,thdpAOYNDeh1,city
446,ACSME,word
447,email_mixed_mimesis,email
448,url_en_faker,url
449,XPxxy8KcMjRC,drink
450,e1WJnLn03ov,EAN_code
451,duration_de_mimesis,duration
452,address_en_mimesis,full_address
453,DLJ9YV5cC6ZKPmuME,job
454,ssn_en_faker,national_identification_number
455,SFsQ8z0WJcDfuquhXz,url
456,isbn_de_mimesis,isbn
457,Av0DzAUguBuQ,blood_group
458,version_fr_mimesis,version
459,b1QzraK3RXVd6M,national_identification_number
460,YHuSAAjtylWIEp2ot,
461,UdLEkHOUNX1y,city
462,ZEHDjM5Giu7Nukz,iban
463,fIU1mdryRMMc3emZ,resolution
464,w2JxhWrK,integer_number
465,answer_mixed_mimesis,answer
466,6StPAhic8ctFhgp4Iiy,gender
467,Fbf8zGD9pnLwdd,iban
468,WR0rK,city
469,DB0ULru2p17fr4CpWDKN,academic_degree/title
470,poevbLJo,"email, phone_number"
471,8hP1jF7TsGTrA1EEpDJ,url
472,ZfUBfBM0lIsug,programming_language
473,political_views_fr_mimesis,political_views
474,ejVObfVHnyADvkxtU,gender
475,uVAlmiYI4xHG6r,first_name
476,xBe8Q6vNuQ2,isbn
477,BlrDp37eC,credit_card_provider
478,icwIv0Pl1XRDSEO,nationality
479,bVrpoiVg,integer_number
480,DtkzRG75,phone_model
481,UCcAxRUpCN,answer
482,YEZAmggQBwBA,first_name
483,YxGohmYipY,email
484,address_mixed_mimesis,full_address
485,6rlLBO0FfEwAvuQg2kv,graphics
486,currency_en_faker,currency
487,float_number_de_mimesis,float_number
488,ZhD9ejW9o3RURz9,last_name
489,tkku7Tow8,gender
490,IBAN_dessi,iban
491,p935k0u7KUumWkFGDF,isbn
492,duration_en_mimesis,duration
493,wXJ43ANV,credit_card_provider
494,9dCgZ51vT,sexuality
495,user_agent_de_mimesis,user_agent
496,credit_card_provider_en_faker,credit_card_provider
497,vgJRysq,drink
498,current_location_fr_FR_faker,longitude_and_latitude
499,5bcuYdswxBjpHA,measure_unit
500,f2o3gyrDO1xkxw,
501,cozMdant8nXiWq,cpu
502,credit_card_number_fr_FR_faker,credit_card_number
503,xqVbwYewpUQOgXLVW,full_name
504,88rcSxnCC8p2xgRxI5,credit_card_number
505,title_en_mimesis,academic_degree/title
506,Race_dessi,race
507,ID_Card_dessi,id_card
508,color_de_mimesis,color
509,dish_en_mimesis,dish
510,graphics_mixed_mimesis,graphics
511,o06UKuKMXR0upt,system_quality_attribute
512,programming_language_fr_mimesis,programming_language
513,klfN3yNRpF,gender
514,cosTsS3DeRo7qY,
515,STFuEwJ77YU,first_name
516,resolution_de_mimesis,resolution
517,isbn_fr_mimesis,isbn
518,first_name_de_mimesis,first_name
519,ean_de_DE_faker,EAN_code
520,en68K4TunPFz4,political_views
521,QBFMCArnWGhwBhsRRLF,academic_degree/title
522,RhALtY5U3SObMEq,
523,title_de_mimesis,academic_degree/title
524,drink_fr_mimesis,drink
525,BhIoPj6r0je,political_views
526,y3EcO,word
527,FHy6JhqXqT,full_address
528,76c1zYFl7V,last_name
529,HHNkxx6syAXvRMdYOPv,email
530,sex_mixed_faker,gender
531,pyfloat_fr_FR_faker,float_number
532,wt0Y3oobQmzvr3e9Xrw,phone_number
533,isbn13_de_DE_faker,isbn
534,tx57Y3,phone_number
535,passport_number_de_DE_faker,passport_number
536,"NIN,Email_dessi","national_identification_number, email"
537,academic_degree_mixed_mimesis,academic_degree/title
538,current_location_de_DE_faker,longitude_and_latitude
539,XBolZ9SH,language
540,political_views_mixed_mimesis,political_views
541,Gqi7w4e4pxs,last_name
542,phone_model_fr_mimesis,phone_model
543,sex_en_faker,gender
544,XKANObF4OIs,religion/worldview
545,manufacturer_mixed_mimesis,manufacturer
